{"cameraMode":{"drawMode":0,"name":"Shaded","section":"Shading Mode"},"sceneLighting":false,"audioPlay":false,"sceneViewState":{"m_AlwaysRefresh":false,"showFog":true,"showSkybox":false,"showFlares":true,"showImageEffects":true,"showParticleSystems":true,"showVisualEffectGraphs":true,"m_FxEnabled":true},"in2DMode":false,"pivot":{"x":14.427831649780274,"y":13.560001373291016,"z":19.219999313354493},"rotation":{"x":0.0009513856493867934,"y":-0.9962610602378845,"z":0.08569930493831635,"w":0.011065913364291191},"size":30.53863525390625,"orthographic":true}