{"cameraMode":{"drawMode":0,"name":"Shaded","section":"Shading Mode"},"sceneLighting":true,"audioPlay":false,"sceneViewState":{"m_AlwaysRefresh":false,"showFog":true,"showSkybox":true,"showFlares":true,"showImageEffects":true,"showParticleSystems":true,"showVisualEffectGraphs":true,"m_FxEnabled":true},"in2DMode":false,"pivot":{"x":8.849115371704102,"y":6.666834831237793,"z":-4.521451950073242},"rotation":{"x":-0.007154745515435934,"y":0.9861114025115967,"z":-0.15995746850967408,"w":-0.044107671827077869},"size":15.187249183654786,"orthographic":false}