{"cameraMode":{"drawMode":0,"name":"Shaded","section":"Shading Mode"},"sceneLighting":true,"audioPlay":false,"sceneViewState":{"m_AlwaysRefresh":false,"showFog":true,"showSkybox":true,"showFlares":true,"showImageEffects":true,"showParticleSystems":true,"showVisualEffectGraphs":true,"m_FxEnabled":true},"in2DMode":false,"pivot":{"x":14.81279468536377,"y":77.07791900634766,"z":-1.2356719970703126},"rotation":{"x":0.011458874680101872,"y":0.9880881309509277,"z":-0.12246260046958924,"w":0.09245897829532623},"size":79.62448120117188,"orthographic":false}