{"cameraMode":{"drawMode":0,"name":"Shaded","section":"Shading Mode"},"sceneLighting":true,"audioPlay":false,"sceneViewState":{"m_AlwaysRefresh":false,"showFog":true,"showSkybox":true,"showFlares":true,"showImageEffects":true,"showParticleSystems":true,"showVisualEffectGraphs":true,"m_FxEnabled":true},"in2DMode":false,"pivot":{"x":17.420042037963868,"y":10.662406921386719,"z":-13.846113204956055},"rotation":{"x":0.022942310199141504,"y":0.8393638730049133,"z":-0.035534683614969257,"w":0.5419239401817322},"size":28.281145095825197,"orthographic":false}